{"id":"00000000-0000-0000-0000-000000000000","revision":0,"last_node_id":0,"last_link_id":52,"nodes":[{"id":"A01","type":"KSampler","pos":[1954,130],"size":[270,262],"flags":{},"order":12,"mode":0,"inputs":[{"localized_name":"model","name":"model","type":"MODEL","link":27},{"localized_name":"positive","name":"positive","type":"CONDITIONING","link":28},{"localized_name":"negative","name":"negative","type":"CONDITIONING","link":29},{"localized_name":"latent_image","name":"latent_image","type":"LATENT","link":30},{"localized_name":"seed","name":"seed","type":"INT","widget":{"name":"seed"},"link":null},{"localized_name":"steps","name":"steps","type":"INT","widget":{"name":"steps"},"link":null},{"localized_name":"cfg","name":"cfg","type":"FLOAT","widget":{"name":"cfg"},"link":null},{"localized_name":"sampler_name","name":"sampler_name","type":"COMBO","widget":{"name":"sampler_name"},"link":null},{"localized_name":"scheduler","name":"scheduler","type":"COMBO","widget":{"name":"scheduler"},"link":null},{"localized_name":"denoise","name":"denoise","type":"FLOAT","widget":{"name":"denoise"},"link":null}],"outputs":[{"localized_name":"LATENT","name":"LATENT","type":"LATENT","links":[37]}],"properties":{"cnr_id":"comfy-core","ver":"0.3.60","Node name for S&R":"KSampler"},"widgets_values":[410981919403202,"randomize",30,5,"dpmpp_2m","karras",0.20000000000000004]},{"id":"A02","type":"ImageUpscaleWithModel","pos":[974,286],"size":[221.96665954589844,46],"flags":{},"order":8,"mode":0,"inputs":[{"localized_name":"upscale_model","name":"upscale_model","type":"UPSCALE_MODEL","link":31},{"localized_name":"image","name":"image","type":"IMAGE","link":32}],"outputs":[{"localized_name":"IMAGE","name":"IMAGE","type":"IMAGE","links":[33]}],"properties":{"cnr_id":"comfy-core","ver":"0.3.60","Node name for S&R":"ImageUpscaleWithModel"}},{"id":"A03","type":"UpscaleModelLoader","pos":[100,130],"size":[270,58],"flags":{},"order":0,"mode":0,"inputs":[{"localized_name":"model_name","name":"model_name","type":"COMBO","widget":{"name":"model_name"},"link":null}],"outputs":[{"localized_name":"UPSCALE_MODEL","name":"UPSCALE_MODEL","type":"UPSCALE_MODEL","links":[31,39]}],"properties":{"cnr_id":"comfy-core","ver":"0.3.60","Node name for S&R":"UpscaleModelLoader"},"widgets_values":["4x_NMKD-Siax_200k.pth"]},{"id":"A04","type":"ImageScaleBy","pos":[1344,130],"size":[270,82],"flags":{},"order":10,"mode":0,"inputs":[{"localized_name":"image","name":"image","type":"IMAGE","link":33},{"localized_name":"upscale_method","name":"upscale_method","type":"COMBO","widget":{"name":"upscale_method"},"link":null},{"localized_name":"scale_by","name":"scale_by","type":"FLOAT","widget":{"name":"scale_by"},"link":null}],"outputs":[{"localized_name":"IMAGE","name":"IMAGE","type":"IMAGE","links":[35]}],"properties":{"cnr_id":"comfy-core","ver":"0.3.60","Node name for S&R":"ImageScaleBy"},"widgets_values":["lanczos",0.5000000000000001]},{"id":"A05","type":"easy cleanGpuUsed","pos":[2564,130],"size":[157.38333129882812,246],"flags":{},"order":14,"mode":0,"inputs":[{"localized_name":"anything","name":"anything","type":"*","link":34}],"outputs":[{"localized_name":"output","name":"output","type":"*","links":[40]}],"properties":{"cnr_id":"comfyui-easy-use","ver":"1.3.3","Node name for S&R":"easy cleanGpuUsed"},"widgets_values":[]},{"id":"A06","type":"VAEEncode","pos":[1714,130],"size":[140,46],"flags":{},"order":11,"mode":0,"inputs":[{"localized_name":"pixels","name":"pixels","type":"IMAGE","link":35},{"localized_name":"vae","name":"vae","type":"VAE","link":36}],"outputs":[{"localized_name":"LATENT","name":"LATENT","type":"LATENT","links":[30]}],"properties":{"cnr_id":"comfy-core","ver":"0.3.60","Node name for S&R":"VAEEncode"}},{"id":"A07","type":"VAEDecode","pos":[2324,130],"size":[140,266],"flags":{},"order":13,"mode":0,"inputs":[{"localized_name":"samples","name":"samples","type":"LATENT","link":37},{"localized_name":"vae","name":"vae","type":"VAE","link":38}],"outputs":[{"localized_name":"IMAGE","name":"IMAGE","type":"IMAGE","links":[34,52]}],"properties":{"cnr_id":"comfy-core","ver":"0.3.60","Node name for S&R":"VAEDecode"},"widgets_values":[]},{"id":"A08","type":"ImageUpscaleWithModel","pos":[2934,130],"size":[221.96665954589844,46],"flags":{},"order":16,"mode":0,"inputs":[{"localized_name":"upscale_model","name":"upscale_model","type":"UPSCALE_MODEL","link":39},{"localized_name":"image","name":"image","type":"IMAGE","link":40}],"outputs":[{"localized_name":"IMAGE","name":"IMAGE","type":"IMAGE","links":[41]}],"properties":{"cnr_id":"comfy-core","ver":"0.3.60","Node name for S&R":"ImageUpscaleWithModel"}},{"id":"A09","type":"ImageScaleBy","pos":[3255.966552734375,130],"size":[270,82],"flags":{},"order":17,"mode":0,"inputs":[{"localized_name":"image","name":"image","type":"IMAGE","link":41},{"localized_name":"upscale_method","name":"upscale_method","type":"COMBO","widget":{"name":"upscale_method"},"link":null},{"localized_name":"scale_by","name":"scale_by","type":"FLOAT","widget":{"name":"scale_by"},"link":null}],"outputs":[{"localized_name":"IMAGE","name":"IMAGE","type":"IMAGE","links":[47]}],"properties":{"cnr_id":"comfy-core","ver":"0.3.60","Node name for S&R":"ImageScaleBy"},"widgets_values":["lanczos",0.5000000000000001]},{"id":"A10","type":"TiledDiffusion","pos":[474,130],"size":[270,154],"flags":{},"order":3,"mode":0,"inputs":[{"localized_name":"model","name":"model","type":"MODEL","link":42},{"localized_name":"method","name":"method","type":"COMBO","widget":{"name":"method"},"link":null},{"localized_name":"tile_width","name":"tile_width","type":"INT","widget":{"name":"tile_width"},"link":null},{"localized_name":"tile_height","name":"tile_height","type":"INT","widget":{"name":"tile_height"},"link":null},{"localized_name":"tile_overlap","name":"tile_overlap","type":"INT","widget":{"name":"tile_overlap"},"link":null},{"localized_name":"tile_batch_size","name":"tile_batch_size","type":"INT","widget":{"name":"tile_batch_size"},"link":null}],"outputs":[{"localized_name":"MODEL","name":"MODEL","type":"MODEL","links":[27]}],"properties":{"cnr_id":"ComfyUI-TiledDiffusion","ver":"a155b1bac39147381aeaa52b9be42e545626a44f","Node name for S&R":"TiledDiffusion"},"widgets_values":["Mixture of Diffusers",768,768,64,4]},{"id":"A11","type":"CheckpointLoaderSimple","pos":[100,318],"size":[270,98],"flags":{},"order":1,"mode":0,"inputs":[{"localized_name":"ckpt_name","name":"ckpt_name","type":"COMBO","widget":{"name":"ckpt_name"},"link":null}],"outputs":[{"localized_name":"MODEL","name":"MODEL","type":"MODEL","links":[42]},{"localized_name":"CLIP","name":"CLIP","type":"CLIP","links":[44]},{"localized_name":"VAE","name":"VAE","type":"VAE","links":[36,38]}],"properties":{"cnr_id":"comfy-core","ver":"0.3.60","Node name for S&R":"CheckpointLoaderSimple"},"widgets_values":["sd3.5_large_fp8_scaled.safetensors"]},{"id":"A12","type":"ConditioningZeroOut","pos":[974,130],"size":[197.66665649414062,26],"flags":{},"order":7,"mode":0,"inputs":[{"localized_name":"conditioning","name":"conditioning","type":"CONDITIONING","link":43}],"outputs":[{"localized_name":"CONDITIONING","name":"CONDITIONING","type":"CONDITIONING","links":[29]}],"properties":{"cnr_id":"comfy-core","ver":"0.3.60","Node name for S&R":"ConditioningZeroOut"}},{"id":"A13","type":"CLIPTextEncode","pos":[474,414],"size":[400,200],"flags":{},"order":4,"mode":0,"inputs":[{"localized_name":"clip","name":"clip","type":"CLIP","link":44},{"localized_name":"text","name":"text","type":"STRING","widget":{"name":"text"},"link":null}],"outputs":[{"localized_name":"CONDITIONING","name":"CONDITIONING","type":"CONDITIONING","links":[28,43]}],"properties":{"cnr_id":"comfy-core","ver":"0.3.60","Node name for S&R":"CLIPTextEncode"},"widgets_values":["Professional photo of buildings. Mountains and trees in the background. Clouds in the sky. Award winning architecture. Small imperfections and dirt. White walls and black roof. Colorful flowers in front."]},{"id":"A14","type":"ImageScaleToTotalPixels","pos":[474,744],"size":[270,82],"flags":{},"order":5,"mode":0,"inputs":[{"localized_name":"image","name":"image","type":"IMAGE","link":45},{"localized_name":"upscale_method","name":"upscale_method","type":"COMBO","widget":{"name":"upscale_method"},"link":null},{"localized_name":"megapixels","name":"megapixels","type":"FLOAT","widget":{"name":"megapixels"},"link":null}],"outputs":[{"localized_name":"IMAGE","name":"IMAGE","type":"IMAGE","links":[50]}],"properties":{"cnr_id":"comfy-core","ver":"0.3.60","Node name for S&R":"ImageScaleToTotalPixels"},"widgets_values":["lanczos",0.5000000000000001]},{"id":"A15","type":"LoadImage","pos":[100,546],"size":[274,314],"flags":{},"order":2,"mode":0,"inputs":[{"localized_name":"image","name":"image","type":"COMBO","widget":{"name":"image"},"link":null},{"localized_name":"choose file to upload","name":"upload","type":"IMAGEUPLOAD","widget":{"name":"upload"},"link":null}],"outputs":[{"localized_name":"IMAGE","name":"IMAGE","type":"IMAGE","links":[45,46]},{"localized_name":"MASK","name":"MASK","type":"MASK","links":null}],"properties":{"cnr_id":"comfy-core","ver":"0.3.60","Node name for S&R":"LoadImage"},"widgets_values":["ai_image_1760630909410.png","image"]},{"id":"A16","type":"easy imageScaleDownToSize","pos":[474,956],"size":[270,82],"flags":{},"order":6,"mode":0,"inputs":[{"localized_name":"images","name":"images","type":"IMAGE","link":46},{"localized_name":"size","name":"size","type":"INT","widget":{"name":"size"},"link":null},{"localized_name":"mode","name":"mode","type":"BOOLEAN","widget":{"name":"mode"},"link":null}],"outputs":[{"localized_name":"IMAGE","name":"IMAGE","type":"IMAGE","links":[32,51]}],"properties":{"cnr_id":"comfyui-easy-use","ver":"1.3.3","Node name for S&R":"easy imageScaleDownToSize"},"widgets_values":[1024,true]},{"id":"A17","type":"ImageBlend","pos":[3625.966552734375,130],"size":[270,102],"flags":{},"order":18,"mode":0,"inputs":[{"localized_name":"image1","name":"image1","type":"IMAGE","link":47},{"localized_name":"image2","name":"image2","type":"IMAGE","link":48},{"localized_name":"blend_factor","name":"blend_factor","type":"FLOAT","widget":{"name":"blend_factor"},"link":null},{"localized_name":"blend_mode","name":"blend_mode","type":"COMBO","widget":{"name":"blend_mode"},"link":null}],"outputs":[{"localized_name":"IMAGE","name":"IMAGE","type":"IMAGE","links":[49]}],"properties":{"cnr_id":"comfy-core","ver":"0.3.60","Node name for S&R":"ImageBlend"},"widgets_values":[0.7500000000000001,"normal"]},{"id":"A18","type":"PreviewImage","pos":[3995.966552734375,130],"size":[140,26],"flags":{},"order":19,"mode":0,"inputs":[{"localized_name":"images","name":"images","type":"IMAGE","link":49}],"outputs":[],"title":"Preview result","properties":{"cnr_id":"comfy-core","ver":"0.3.60","Node name for S&R":"PreviewImage"}},{"id":"A19","type":"easy imageSwitch","pos":[974,462],"size":[270,78],"flags":{},"order":9,"mode":0,"inputs":[{"localized_name":"image_a","name":"image_a","type":"IMAGE","link":50},{"localized_name":"image_b","name":"image_b","type":"IMAGE","link":51},{"localized_name":"boolean","name":"boolean","type":"BOOLEAN","widget":{"name":"boolean"},"link":null}],"outputs":[{"localized_name":"IMAGE","name":"IMAGE","type":"IMAGE","links":null}],"title":"Use Megapixels","properties":{"cnr_id":"comfyui-easy-use","ver":"1.3.3","Node name for S&R":"easy imageSwitch"},"widgets_values":[true]},{"id":"A20","type":"ImageScaleBy","pos":[2564,286],"size":[270,82],"flags":{},"order":15,"mode":0,"inputs":[{"localized_name":"image","name":"image","type":"IMAGE","link":52},{"localized_name":"upscale_method","name":"upscale_method","type":"COMBO","widget":{"name":"upscale_method"},"link":null},{"localized_name":"scale_by","name":"scale_by","type":"FLOAT","widget":{"name":"scale_by"},"link":null}],"outputs":[{"localized_name":"IMAGE","name":"IMAGE","type":"IMAGE","links":[48]}],"properties":{"cnr_id":"comfy-core","ver":"0.3.60","Node name for S&R":"ImageScaleBy"},"widgets_values":["lanczos",2.0000000000000004]}],"links":[[27,"A10",0,"A01",0,"MODEL"],[28,"A13",0,"A01",1,"CONDITIONING"],[29,"A12",0,"A01",2,"CONDITIONING"],[30,"A06",0,"A01",3,"LATENT"],[31,"A03",0,"A02",0,"UPSCALE_MODEL"],[32,"A16",0,"A02",1,"IMAGE"],[33,"A02",0,"A04",0,"IMAGE"],[34,"A07",0,"A05",0,"*"],[35,"A04",0,"A06",0,"IMAGE"],[36,"A11",2,"A06",1,"VAE"],[37,"A01",0,"A07",0,"LATENT"],[38,"A11",2,"A07",1,"VAE"],[39,"A03",0,"A08",0,"UPSCALE_MODEL"],[40,"A05",0,"A08",1,"IMAGE"],[41,"A08",0,"A09",0,"IMAGE"],[42,"A11",0,"A10",0,"MODEL"],[43,"A13",0,"A12",0,"CONDITIONING"],[44,"A11",1,"A13",0,"CLIP"],[45,"A15",0,"A14",0,"IMAGE"],[46,"A15",0,"A16",0,"IMAGE"],[47,"A09",0,"A17",0,"IMAGE"],[48,"A20",0,"A17",1,"IMAGE"],[49,"A17",0,"A18",0,"IMAGE"],[50,"A14",0,"A19",0,"IMAGE"],[51,"A16",0,"A19",1,"IMAGE"],[52,"A07",0,"A20",0,"IMAGE"]],"groups":[],"config":{},"extra":{"ds":{"scale":0.16350799082655815,"offset":[3116.3731041009273,1388.7418752852254]}},"version":0.4}