{"id":"00000000-0000-0000-0000-000000000000","revision":0,"last_node_id":0,"last_link_id":98,"nodes":[{"id":"A01","type":"FluxGuidance","pos":[974,130],"size":[270,58],"flags":{},"order":10,"mode":0,"inputs":[{"localized_name":"conditioning","name":"conditioning","type":"CONDITIONING","link":50},{"localized_name":"guidance","name":"guidance","type":"FLOAT","widget":{"name":"guidance"},"link":null}],"outputs":[{"localized_name":"CONDITIONING","name":"CONDITIONING","type":"CONDITIONING","links":[64,76]}],"properties":{"cnr_id":"comfy-core","ver":"0.3.60","Node name for S&R":"FluxGuidance"},"widgets_values":[30]},{"id":"A02","type":"CLIPTextEncode","pos":[474,130],"size":[400,200],"flags":{},"order":6,"mode":0,"inputs":[{"localized_name":"clip","name":"clip","type":"CLIP","link":51},{"localized_name":"text","name":"text","type":"STRING","widget":{"name":"text"},"link":null}],"outputs":[{"localized_name":"CONDITIONING","name":"CONDITIONING","type":"CONDITIONING","links":[50,58]}],"title":"CLIP Text Encode (Positive Prompt)","properties":{"cnr_id":"comfy-core","ver":"0.3.60","Node name for S&R":"CLIPTextEncode"},"widgets_values":["Professional photo of buildings. Mountains and trees in the background. Clouds in the sky. Award winning architecture. Small imperfections and dirt. White walls and black roof. Colorful flowers in front."]},{"id":"A03","type":"DualCLIPLoader","pos":[100,130],"size":[270,130],"flags":{},"order":0,"mode":0,"inputs":[{"localized_name":"clip_name1","name":"clip_name1","type":"COMBO","widget":{"name":"clip_name1"},"link":null},{"localized_name":"clip_name2","name":"clip_name2","type":"COMBO","widget":{"name":"clip_name2"},"link":null},{"localized_name":"type","name":"type","type":"COMBO","widget":{"name":"type"},"link":null},{"localized_name":"device","name":"device","shape":7,"type":"COMBO","widget":{"name":"device"},"link":null}],"outputs":[{"localized_name":"CLIP","name":"CLIP","type":"CLIP","links":[51,59]}],"properties":{"cnr_id":"comfy-core","ver":"0.3.60","Node name for S&R":"DualCLIPLoader"},"widgets_values":["clip_l.safetensors","t5xxl_fp8_e4m3fn.safetensors","flux","default"]},{"id":"A04","type":"VAELoader","pos":[100,390],"size":[270,58],"flags":{},"order":1,"mode":0,"inputs":[{"localized_name":"vae_name","name":"vae_name","type":"COMBO","widget":{"name":"vae_name"},"link":null}],"outputs":[{"localized_name":"VAE","name":"VAE","type":"VAE","links":[53,68,78,81]}],"properties":{"cnr_id":"comfy-core","ver":"0.3.60","Node name for S&R":"VAELoader"},"widgets_values":["ae.safetensors"]},{"id":"A05","type":"LoadImage","pos":[100,578],"size":[274,314],"flags":{},"order":2,"mode":0,"inputs":[{"localized_name":"image","name":"image","type":"COMBO","widget":{"name":"image"},"link":null},{"localized_name":"choose file to upload","name":"upload","type":"IMAGEUPLOAD","widget":{"name":"upload"},"link":null}],"outputs":[{"localized_name":"IMAGE","name":"IMAGE","type":"IMAGE","links":[86,93]},{"localized_name":"MASK","name":"MASK","type":"MASK","links":null}],"properties":{"cnr_id":"comfy-core","ver":"0.3.60","Node name for S&R":"LoadImage"},"widgets_values":["Project_40-1280x720.jpg","image"]},{"id":"A06","type":"VAEDecode","pos":[5518,130],"size":[140,46],"flags":{},"order":30,"mode":0,"inputs":[{"localized_name":"samples","name":"samples","type":"LATENT","link":52},{"localized_name":"vae","name":"vae","type":"VAE","link":53}],"outputs":[{"localized_name":"IMAGE","name":"IMAGE","type":"IMAGE","links":[90]}],"properties":{"cnr_id":"comfy-core","ver":"0.3.60","Node name for S&R":"VAEDecode"}},{"id":"A07","type":"KSamplerAdvanced","pos":[5113.33349609375,130],"size":[304.66668701171875,334],"flags":{},"order":29,"mode":0,"inputs":[{"localized_name":"model","name":"model","type":"MODEL","link":54},{"localized_name":"positive","name":"positive","type":"CONDITIONING","link":55},{"localized_name":"negative","name":"negative","type":"CONDITIONING","link":56},{"localized_name":"latent_image","name":"latent_image","type":"LATENT","link":57},{"localized_name":"add_noise","name":"add_noise","type":"COMBO","widget":{"name":"add_noise"},"link":null},{"localized_name":"noise_seed","name":"noise_seed","type":"INT","widget":{"name":"noise_seed"},"link":null},{"localized_name":"steps","name":"steps","type":"INT","widget":{"name":"steps"},"link":null},{"localized_name":"cfg","name":"cfg","type":"FLOAT","widget":{"name":"cfg"},"link":null},{"localized_name":"sampler_name","name":"sampler_name","type":"COMBO","widget":{"name":"sampler_name"},"link":null},{"localized_name":"scheduler","name":"scheduler","type":"COMBO","widget":{"name":"scheduler"},"link":null},{"localized_name":"start_at_step","name":"start_at_step","type":"INT","widget":{"name":"start_at_step"},"link":null},{"localized_name":"end_at_step","name":"end_at_step","type":"INT","widget":{"name":"end_at_step"},"link":null},{"localized_name":"return_with_leftover_noise","name":"return_with_leftover_noise","type":"COMBO","widget":{"name":"return_with_leftover_noise"},"link":null}],"outputs":[{"localized_name":"LATENT","name":"LATENT","type":"LATENT","links":[52]}],"properties":{"cnr_id":"comfy-core","ver":"0.3.60","Node name for S&R":"KSamplerAdvanced"},"widgets_values":["enable",760404258386708,"randomize",24,1,"dpmpp_2m","sgm_uniform",16,1000,"disable"]},{"id":"A08","type":"UNETLoader","pos":[100,810],"size":[270,82],"flags":{},"order":3,"mode":0,"inputs":[{"localized_name":"unet_name","name":"unet_name","type":"COMBO","widget":{"name":"unet_name"},"link":null},{"localized_name":"weight_dtype","name":"weight_dtype","type":"COMBO","widget":{"name":"weight_dtype"},"link":null}],"outputs":[{"localized_name":"MODEL","name":"MODEL","type":"MODEL","links":[54,60]}],"properties":{"cnr_id":"comfy-core","ver":"0.3.60","Node name for S&R":"UNETLoader"},"widgets_values":["flux1-dev-fp8-e4m3fn.safetensors","fp8_e4m3fn"]},{"id":"A09","type":"FluxGuidance","pos":[974,318],"size":[270,58],"flags":{},"order":11,"mode":0,"inputs":[{"localized_name":"conditioning","name":"conditioning","type":"CONDITIONING","link":58},{"localized_name":"guidance","name":"guidance","type":"FLOAT","widget":{"name":"guidance"},"link":null}],"outputs":[{"localized_name":"CONDITIONING","name":"CONDITIONING","type":"CONDITIONING","links":[55]}],"properties":{"cnr_id":"comfy-core","ver":"0.3.60","Node name for S&R":"FluxGuidance"},"widgets_values":[3.5]},{"id":"A10","type":"CLIPTextEncode","pos":[474,460],"size":[400,200],"flags":{},"order":7,"mode":0,"inputs":[{"localized_name":"clip","name":"clip","type":"CLIP","link":59},{"localized_name":"text","name":"text","type":"STRING","widget":{"name":"text"},"link":null}],"outputs":[{"localized_name":"CONDITIONING","name":"CONDITIONING","type":"CONDITIONING","links":[56,65,77]}],"title":"CLIP Text Encode (Negative Prompt)","properties":{"cnr_id":"comfy-core","ver":"0.3.60","Node name for S&R":"CLIPTextEncode"},"widgets_values":[""]},{"id":"A11","type":"KSamplerAdvanced","pos":[4708.66650390625,130],"size":[304.66668701171875,334],"flags":{},"order":28,"mode":0,"inputs":[{"localized_name":"model","name":"model","type":"MODEL","link":60},{"localized_name":"positive","name":"positive","type":"CONDITIONING","link":61},{"localized_name":"negative","name":"negative","type":"CONDITIONING","link":62},{"localized_name":"latent_image","name":"latent_image","type":"LATENT","link":63},{"localized_name":"add_noise","name":"add_noise","type":"COMBO","widget":{"name":"add_noise"},"link":null},{"localized_name":"noise_seed","name":"noise_seed","type":"INT","widget":{"name":"noise_seed"},"link":null},{"localized_name":"steps","name":"steps","type":"INT","widget":{"name":"steps"},"link":null},{"localized_name":"cfg","name":"cfg","type":"FLOAT","widget":{"name":"cfg"},"link":null},{"localized_name":"sampler_name","name":"sampler_name","type":"COMBO","widget":{"name":"sampler_name"},"link":null},{"localized_name":"scheduler","name":"scheduler","type":"COMBO","widget":{"name":"scheduler"},"link":null},{"localized_name":"start_at_step","name":"start_at_step","type":"INT","widget":{"name":"start_at_step"},"link":null},{"localized_name":"end_at_step","name":"end_at_step","type":"INT","widget":{"name":"end_at_step"},"link":null},{"localized_name":"return_with_leftover_noise","name":"return_with_leftover_noise","type":"COMBO","widget":{"name":"return_with_leftover_noise"},"link":null}],"outputs":[{"localized_name":"LATENT","name":"LATENT","type":"LATENT","links":[57]}],"properties":{"cnr_id":"comfy-core","ver":"0.3.60","Node name for S&R":"KSamplerAdvanced"},"widgets_values":["enable",837097324262327,"randomize",24,1,"dpmpp_2m","sgm_uniform",12,16,"disable"]},{"id":"A12","type":"ControlNetApplyAdvanced","pos":[3934,130],"size":[270,186],"flags":{},"order":25,"mode":0,"inputs":[{"localized_name":"positive","name":"positive","type":"CONDITIONING","link":64},{"localized_name":"negative","name":"negative","type":"CONDITIONING","link":65},{"localized_name":"control_net","name":"control_net","type":"CONTROL_NET","link":66},{"localized_name":"image","name":"image","type":"IMAGE","link":67},{"localized_name":"vae","name":"vae","shape":7,"type":"VAE","link":68},{"localized_name":"strength","name":"strength","type":"FLOAT","widget":{"name":"strength"},"link":null},{"localized_name":"start_percent","name":"start_percent","type":"FLOAT","widget":{"name":"start_percent"},"link":null},{"localized_name":"end_percent","name":"end_percent","type":"FLOAT","widget":{"name":"end_percent"},"link":null}],"outputs":[{"localized_name":"positive","name":"positive","type":"CONDITIONING","links":[61]},{"localized_name":"negative","name":"negative","type":"CONDITIONING","links":[62]}],"properties":{"cnr_id":"comfy-core","ver":"0.3.60","Node name for S&R":"ControlNetApplyAdvanced"},"widgets_values":[0.7500000000000001,0,0.8500000000000002]},{"id":"A13","type":"KSamplerAdvanced","pos":[4304,130],"size":[304.66668701171875,334],"flags":{},"order":27,"mode":0,"inputs":[{"localized_name":"model","name":"model","type":"MODEL","link":69},{"localized_name":"positive","name":"positive","type":"CONDITIONING","link":70},{"localized_name":"negative","name":"negative","type":"CONDITIONING","link":71},{"localized_name":"latent_image","name":"latent_image","type":"LATENT","link":72},{"localized_name":"add_noise","name":"add_noise","type":"COMBO","widget":{"name":"add_noise"},"link":null},{"localized_name":"noise_seed","name":"noise_seed","type":"INT","widget":{"name":"noise_seed"},"link":null},{"localized_name":"steps","name":"steps","type":"INT","widget":{"name":"steps"},"link":null},{"localized_name":"cfg","name":"cfg","type":"FLOAT","widget":{"name":"cfg"},"link":null},{"localized_name":"sampler_name","name":"sampler_name","type":"COMBO","widget":{"name":"sampler_name"},"link":null},{"localized_name":"scheduler","name":"scheduler","type":"COMBO","widget":{"name":"scheduler"},"link":null},{"localized_name":"start_at_step","name":"start_at_step","type":"INT","widget":{"name":"start_at_step"},"link":null},{"localized_name":"end_at_step","name":"end_at_step","type":"INT","widget":{"name":"end_at_step"},"link":null},{"localized_name":"return_with_leftover_noise","name":"return_with_leftover_noise","type":"COMBO","widget":{"name":"return_with_leftover_noise"},"link":null}],"outputs":[{"localized_name":"LATENT","name":"LATENT","type":"LATENT","links":[63]}],"properties":{"cnr_id":"comfy-core","ver":"0.3.60","Node name for S&R":"KSamplerAdvanced"},"widgets_values":["enable",18161966540942,"randomize",24,1,"dpmpp_2m","sgm_uniform",8,12,"disable"]},{"id":"A14","type":"SetUnionControlNetType","pos":[474,1002],"size":[270,58],"flags":{},"order":9,"mode":0,"inputs":[{"localized_name":"control_net","name":"control_net","type":"CONTROL_NET","link":73},{"localized_name":"type","name":"type","type":"COMBO","widget":{"name":"type"},"link":null}],"outputs":[{"localized_name":"CONTROL_NET","name":"CONTROL_NET","type":"CONTROL_NET","links":[66]}],"properties":{"cnr_id":"comfy-core","ver":"0.3.60","Node name for S&R":"SetUnionControlNetType"},"widgets_values":["auto"]},{"id":"A15","type":"ImageBlend","pos":[3564,130],"size":[270,102],"flags":{},"order":24,"mode":0,"inputs":[{"localized_name":"image1","name":"image1","type":"IMAGE","link":74},{"localized_name":"image2","name":"image2","type":"IMAGE","link":75},{"localized_name":"blend_factor","name":"blend_factor","type":"FLOAT","widget":{"name":"blend_factor"},"link":null},{"localized_name":"blend_mode","name":"blend_mode","type":"COMBO","widget":{"name":"blend_mode"},"link":null}],"outputs":[{"localized_name":"IMAGE","name":"IMAGE","type":"IMAGE","links":[67,79]}],"properties":{"cnr_id":"comfy-core","ver":"0.3.60","Node name for S&R":"ImageBlend"},"widgets_values":[1,"screen"]},{"id":"A16","type":"UNETLoader","pos":[100,1022],"size":[270,82],"flags":{},"order":4,"mode":0,"inputs":[{"localized_name":"unet_name","name":"unet_name","type":"COMBO","widget":{"name":"unet_name"},"link":null},{"localized_name":"weight_dtype","name":"weight_dtype","type":"COMBO","widget":{"name":"weight_dtype"},"link":null}],"outputs":[{"localized_name":"MODEL","name":"MODEL","type":"MODEL","links":[69]}],"properties":{"cnr_id":"comfy-core","ver":"0.3.60","Node name for S&R":"UNETLoader"},"widgets_values":["flux1CannyDevFp8_v10.safetensors","fp8_e4m3fn"]},{"id":"A17","type":"InstructPixToPixConditioning","pos":[3934,446],"size":[217.29998779296875,86],"flags":{},"order":26,"mode":0,"inputs":[{"localized_name":"positive","name":"positive","type":"CONDITIONING","link":76},{"localized_name":"negative","name":"negative","type":"CONDITIONING","link":77},{"localized_name":"vae","name":"vae","type":"VAE","link":78},{"localized_name":"pixels","name":"pixels","type":"IMAGE","link":79}],"outputs":[{"localized_name":"positive","name":"positive","type":"CONDITIONING","links":[70]},{"localized_name":"negative","name":"negative","type":"CONDITIONING","links":[71]},{"localized_name":"latent","name":"latent","type":"LATENT","links":null}],"properties":{"cnr_id":"comfy-core","ver":"0.3.60","Node name for S&R":"InstructPixToPixConditioning"}},{"id":"A18","type":"VAEEncode","pos":[2454,130],"size":[140,46],"flags":{},"order":18,"mode":0,"inputs":[{"localized_name":"pixels","name":"pixels","type":"IMAGE","link":80},{"localized_name":"vae","name":"vae","type":"VAE","link":81}],"outputs":[{"localized_name":"LATENT","name":"LATENT","type":"LATENT","links":[72]}],"properties":{"cnr_id":"comfy-core","ver":"0.3.60","Node name for S&R":"VAEEncode"}},{"id":"A19","type":"ControlNetLoader","pos":[100,1234],"size":[270,58],"flags":{},"order":5,"mode":0,"inputs":[{"localized_name":"control_net_name","name":"control_net_name","type":"COMBO","widget":{"name":"control_net_name"},"link":null}],"outputs":[{"localized_name":"CONTROL_NET","name":"CONTROL_NET","type":"CONTROL_NET","links":[73]}],"properties":{"cnr_id":"comfy-core","ver":"0.3.60","Node name for S&R":"ControlNetLoader"},"widgets_values":["flux-cn-pro-2.safetensors"]},{"id":"A20","type":"CannyEdgePreprocessor","pos":[2824,130],"size":[270,106],"flags":{},"order":21,"mode":0,"inputs":[{"localized_name":"image","name":"image","type":"IMAGE","link":83},{"localized_name":"low_threshold","name":"low_threshold","shape":7,"type":"INT","widget":{"name":"low_threshold"},"link":null},{"localized_name":"high_threshold","name":"high_threshold","shape":7,"type":"INT","widget":{"name":"high_threshold"},"link":null},{"localized_name":"resolution","name":"resolution","shape":7,"type":"INT","widget":{"name":"resolution"},"link":82}],"outputs":[{"localized_name":"IMAGE","name":"IMAGE","type":"IMAGE","links":[74]}],"properties":{"cnr_id":"comfyui_controlnet_aux","ver":"cc6b232f4a47f0cdf70f4e1bfa24b74bd0d75bf1","Node name for S&R":"CannyEdgePreprocessor"},"widgets_values":[125,225,512]},{"id":"A21","type":"AIO_Preprocessor","pos":[3194,130],"size":[270,82],"flags":{},"order":23,"mode":0,"inputs":[{"localized_name":"image","name":"image","type":"IMAGE","link":85},{"localized_name":"preprocessor","name":"preprocessor","shape":7,"type":"COMBO","widget":{"name":"preprocessor"},"link":null},{"localized_name":"resolution","name":"resolution","shape":7,"type":"INT","widget":{"name":"resolution"},"link":84}],"outputs":[{"localized_name":"IMAGE","name":"IMAGE","type":"IMAGE","links":[75]}],"properties":{"cnr_id":"comfyui_controlnet_aux","ver":"cc6b232f4a47f0cdf70f4e1bfa24b74bd0d75bf1","Node name for S&R":"AIO_Preprocessor"},"widgets_values":["CannyEdgePreprocessor",512]},{"id":"A22","type":"ImageScaleToTotalPixels","pos":[474,790],"size":[270,82],"flags":{},"order":8,"mode":0,"inputs":[{"localized_name":"image","name":"image","type":"IMAGE","link":86},{"localized_name":"upscale_method","name":"upscale_method","type":"COMBO","widget":{"name":"upscale_method"},"link":null},{"localized_name":"megapixels","name":"megapixels","type":"FLOAT","widget":{"name":"megapixels"},"link":null}],"outputs":[{"localized_name":"IMAGE","name":"IMAGE","type":"IMAGE","links":[98]}],"properties":{"cnr_id":"comfy-core","ver":"0.3.60","Node name for S&R":"ImageScaleToTotalPixels"},"widgets_values":["lanczos",1.0000000000000002]},{"id":"A23","type":"GetImageSize","pos":[2454,306],"size":[140,66],"flags":{},"order":19,"mode":0,"inputs":[{"localized_name":"image","name":"image","type":"IMAGE","link":87}],"outputs":[{"localized_name":"width","name":"width","type":"INT","links":null},{"localized_name":"height","name":"height","type":"INT","links":[82]},{"localized_name":"batch_size","name":"batch_size","type":"INT","links":null}],"properties":{"cnr_id":"comfy-core","ver":"0.3.60","Node name for S&R":"GetImageSize"}},{"id":"A24","type":"GetImageSize","pos":[2824,366],"size":[140,66],"flags":{},"order":22,"mode":0,"inputs":[{"localized_name":"image","name":"image","type":"IMAGE","link":88}],"outputs":[{"localized_name":"width","name":"width","type":"INT","links":null},{"localized_name":"height","name":"height","type":"INT","links":[84]},{"localized_name":"batch_size","name":"batch_size","type":"INT","links":null}],"properties":{"cnr_id":"comfy-core","ver":"0.3.60","Node name for S&R":"GetImageSize"}},{"id":"A25","type":"ImageScaleBy","pos":[2454,502],"size":[270,82],"flags":{},"order":20,"mode":0,"inputs":[{"localized_name":"image","name":"image","type":"IMAGE","link":89},{"localized_name":"upscale_method","name":"upscale_method","type":"COMBO","widget":{"name":"upscale_method"},"link":null},{"localized_name":"scale_by","name":"scale_by","type":"FLOAT","widget":{"name":"scale_by"},"link":null}],"outputs":[{"localized_name":"IMAGE","name":"IMAGE","type":"IMAGE","links":[85,88]}],"properties":{"cnr_id":"comfy-core","ver":"0.3.60","Node name for S&R":"ImageScaleBy"},"widgets_values":["nearest-exact",1.5000000000000002]},{"id":"A26","type":"PreviewImage","pos":[5758,130],"size":[140,26],"flags":{},"order":31,"mode":0,"inputs":[{"localized_name":"images","name":"images","type":"IMAGE","link":90}],"outputs":[],"title":"Preview result","properties":{"cnr_id":"comfy-core","ver":"0.3.60","Node name for S&R":"PreviewImage"}},{"id":"A27","type":"ImageScale","pos":[2084,130],"size":[270,130],"flags":{},"order":17,"mode":0,"inputs":[{"localized_name":"image","name":"image","type":"IMAGE","link":93},{"localized_name":"upscale_method","name":"upscale_method","type":"COMBO","widget":{"name":"upscale_method"},"link":null},{"localized_name":"width","name":"width","type":"INT","widget":{"name":"width"},"link":91},{"localized_name":"height","name":"height","type":"INT","widget":{"name":"height"},"link":92},{"localized_name":"crop","name":"crop","type":"COMBO","widget":{"name":"crop"},"link":null}],"outputs":[{"localized_name":"IMAGE","name":"IMAGE","type":"IMAGE","links":[80,83,87,89]}],"properties":{"cnr_id":"comfy-core","ver":"0.3.60","Node name for S&R":"ImageScale"},"widgets_values":["lanczos",512,512,"center"]},{"id":"A28","type":"easy mathInt","pos":[1714,130],"size":[270,106],"flags":{},"order":15,"mode":0,"inputs":[{"localized_name":"a","name":"a","type":"INT","widget":{"name":"a"},"link":94},{"localized_name":"b","name":"b","type":"INT","widget":{"name":"b"},"link":null},{"localized_name":"operation","name":"operation","type":"COMBO","widget":{"name":"operation"},"link":null}],"outputs":[{"localized_name":"INT","name":"INT","type":"INT","links":[91]}],"properties":{"cnr_id":"comfyui-easy-use","ver":"1.3.3","Node name for S&R":"easy mathInt"},"widgets_values":[0,16,"multiply"]},{"id":"A29","type":"easy mathInt","pos":[1714,366],"size":[270,106],"flags":{},"order":16,"mode":0,"inputs":[{"localized_name":"a","name":"a","type":"INT","widget":{"name":"a"},"link":95},{"localized_name":"b","name":"b","type":"INT","widget":{"name":"b"},"link":null},{"localized_name":"operation","name":"operation","type":"COMBO","widget":{"name":"operation"},"link":null}],"outputs":[{"localized_name":"INT","name":"INT","type":"INT","links":[92]}],"properties":{"cnr_id":"comfyui-easy-use","ver":"1.3.3","Node name for S&R":"easy mathInt"},"widgets_values":[0,16,"multiply"]},{"id":"A30","type":"easy mathInt","pos":[1344,130],"size":[270,106],"flags":{},"order":13,"mode":0,"inputs":[{"localized_name":"a","name":"a","type":"INT","widget":{"name":"a"},"link":96},{"localized_name":"b","name":"b","type":"INT","widget":{"name":"b"},"link":null},{"localized_name":"operation","name":"operation","type":"COMBO","widget":{"name":"operation"},"link":null}],"outputs":[{"localized_name":"INT","name":"INT","type":"INT","links":[94]}],"properties":{"cnr_id":"comfyui-easy-use","ver":"1.3.3","Node name for S&R":"easy mathInt"},"widgets_values":[0,16,"divide"]},{"id":"A31","type":"easy mathInt","pos":[1344,366],"size":[270,106],"flags":{},"order":14,"mode":0,"inputs":[{"localized_name":"a","name":"a","type":"INT","widget":{"name":"a"},"link":97},{"localized_name":"b","name":"b","type":"INT","widget":{"name":"b"},"link":null},{"localized_name":"operation","name":"operation","type":"COMBO","widget":{"name":"operation"},"link":null}],"outputs":[{"localized_name":"INT","name":"INT","type":"INT","links":[95]}],"properties":{"cnr_id":"comfyui-easy-use","ver":"1.3.3","Node name for S&R":"easy mathInt"},"widgets_values":[0,16,"divide"]},{"id":"A32","type":"GetImageSize","pos":[974,506],"size":[140,66],"flags":{},"order":12,"mode":0,"inputs":[{"localized_name":"image","name":"image","type":"IMAGE","link":98}],"outputs":[{"localized_name":"width","name":"width","type":"INT","links":[96]},{"localized_name":"height","name":"height","type":"INT","links":[97]},{"localized_name":"batch_size","name":"batch_size","type":"INT","links":null}],"properties":{"cnr_id":"comfy-core","ver":"0.3.60","Node name for S&R":"GetImageSize"}}],"links":[[50,"A02",0,"A01",0,"CONDITIONING"],[51,"A03",0,"A02",0,"CLIP"],[52,"A07",0,"A06",0,"LATENT"],[53,"A04",0,"A06",1,"VAE"],[54,"A08",0,"A07",0,"MODEL"],[55,"A09",0,"A07",1,"CONDITIONING"],[56,"A10",0,"A07",2,"CONDITIONING"],[57,"A11",0,"A07",3,"LATENT"],[58,"A02",0,"A09",0,"CONDITIONING"],[59,"A03",0,"A10",0,"CLIP"],[60,"A08",0,"A11",0,"MODEL"],[61,"A12",0,"A11",1,"CONDITIONING"],[62,"A12",1,"A11",2,"CONDITIONING"],[63,"A13",0,"A11",3,"LATENT"],[64,"A01",0,"A12",0,"CONDITIONING"],[65,"A10",0,"A12",1,"CONDITIONING"],[66,"A14",0,"A12",2,"CONTROL_NET"],[67,"A15",0,"A12",3,"IMAGE"],[68,"A04",0,"A12",4,"VAE"],[69,"A16",0,"A13",0,"MODEL"],[70,"A17",0,"A13",1,"CONDITIONING"],[71,"A17",1,"A13",2,"CONDITIONING"],[72,"A18",0,"A13",3,"LATENT"],[73,"A19",0,"A14",0,"CONTROL_NET"],[74,"A20",0,"A15",0,"IMAGE"],[75,"A21",0,"A15",1,"IMAGE"],[76,"A01",0,"A17",0,"CONDITIONING"],[77,"A10",0,"A17",1,"CONDITIONING"],[78,"A04",0,"A17",2,"VAE"],[79,"A15",0,"A17",3,"IMAGE"],[80,"A27",0,"A18",0,"IMAGE"],[81,"A04",0,"A18",1,"VAE"],[82,"A23",1,"A20",3,"INT"],[83,"A27",0,"A20",0,"IMAGE"],[84,"A24",1,"A21",2,"INT"],[85,"A25",0,"A21",0,"IMAGE"],[86,"A05",0,"A22",0,"IMAGE"],[87,"A27",0,"A23",0,"IMAGE"],[88,"A25",0,"A24",0,"IMAGE"],[89,"A27",0,"A25",0,"IMAGE"],[90,"A06",0,"A26",0,"IMAGE"],[91,"A28",0,"A27",2,"INT"],[92,"A29",0,"A27",3,"INT"],[93,"A05",0,"A27",0,"IMAGE"],[94,"A30",0,"A28",0,"INT"],[95,"A31",0,"A29",0,"INT"],[96,"A32",0,"A30",0,"INT"],[97,"A32",1,"A31",0,"INT"],[98,"A22",0,"A32",0,"IMAGE"]],"groups":[],"config":{},"extra":{"ds":{"scale":1.2100000000000006,"offset":[174.81936094875658,10.03729264366575]}},"version":0.4}