{"id":"00000000-0000-0000-0000-000000000000","revision":0,"last_node_id":0,"last_link_id":36,"nodes":[{"id":"A01","type":"KSampler","pos":[1714,130],"size":[270,262],"flags":{},"order":11,"mode":0,"inputs":[{"localized_name":"model","name":"model","type":"MODEL","link":19},{"localized_name":"positive","name":"positive","type":"CONDITIONING","link":20},{"localized_name":"negative","name":"negative","type":"CONDITIONING","link":21},{"localized_name":"latent_image","name":"latent_image","type":"LATENT","link":22},{"localized_name":"seed","name":"seed","type":"INT","widget":{"name":"seed"},"link":null},{"localized_name":"steps","name":"steps","type":"INT","widget":{"name":"steps"},"link":null},{"localized_name":"cfg","name":"cfg","type":"FLOAT","widget":{"name":"cfg"},"link":null},{"localized_name":"sampler_name","name":"sampler_name","type":"COMBO","widget":{"name":"sampler_name"},"link":null},{"localized_name":"scheduler","name":"scheduler","type":"COMBO","widget":{"name":"scheduler"},"link":null},{"localized_name":"denoise","name":"denoise","type":"FLOAT","widget":{"name":"denoise"},"link":null}],"outputs":[{"localized_name":"LATENT","name":"LATENT","type":"LATENT","links":[24]}],"properties":{"cnr_id":"comfy-core","ver":"0.3.60","Node name for S&R":"KSampler"},"widgets_values":[1157430462329232,"randomize",32,4.5,"euler","simple",1]},{"id":"A02","type":"CheckpointLoaderSimple","pos":[100,130],"size":[270,98],"flags":{},"order":0,"mode":0,"inputs":[{"localized_name":"ckpt_name","name":"ckpt_name","type":"COMBO","widget":{"name":"ckpt_name"},"link":null}],"outputs":[{"localized_name":"MODEL","name":"MODEL","type":"MODEL","links":[19]},{"localized_name":"CLIP","name":"CLIP","type":"CLIP","links":[23]},{"localized_name":"VAE","name":"VAE","type":"VAE","links":[25,33]}],"properties":{"cnr_id":"comfy-core","ver":"0.3.60","Node name for S&R":"CheckpointLoaderSimple"},"widgets_values":["sd3.5_large_fp8_scaled.safetensors"]},{"id":"A03","type":"CLIPTextEncode","pos":[474,130],"size":[400,200],"flags":{},"order":4,"mode":0,"inputs":[{"localized_name":"clip","name":"clip","type":"CLIP","link":23},{"localized_name":"text","name":"text","type":"STRING","widget":{"name":"text"},"link":null}],"outputs":[{"localized_name":"CONDITIONING","name":"CONDITIONING","type":"CONDITIONING","links":[28,29]}],"properties":{"cnr_id":"comfy-core","ver":"0.3.60","Node name for S&R":"CLIPTextEncode"},"widgets_values":["Professional photo of buildings. Mountains and trees in the background. Clouds in the sky. Award winning architecture. Small imperfections and dirt. White walls and black roof. Colorful flowers in front."]},{"id":"A04","type":"VAEDecode","pos":[2084,130],"size":[140,46],"flags":{},"order":12,"mode":0,"inputs":[{"localized_name":"samples","name":"samples","type":"LATENT","link":24},{"localized_name":"vae","name":"vae","type":"VAE","link":25}],"outputs":[{"localized_name":"IMAGE","name":"IMAGE","type":"IMAGE","links":[36]}],"properties":{"cnr_id":"comfy-core","ver":"0.3.60","Node name for S&R":"VAEDecode"}},{"id":"A06","type":"EmptySD3LatentImage","pos":[100,358],"size":[270,106],"flags":{},"order":1,"mode":0,"inputs":[{"localized_name":"width","name":"width","type":"INT","widget":{"name":"width"},"link":null},{"localized_name":"height","name":"height","type":"INT","widget":{"name":"height"},"link":null},{"localized_name":"batch_size","name":"batch_size","type":"INT","widget":{"name":"batch_size"},"link":null}],"outputs":[{"localized_name":"LATENT","name":"LATENT","type":"LATENT","links":[22]}],"properties":{"cnr_id":"comfy-core","ver":"0.3.60","Node name for S&R":"EmptySD3LatentImage"},"widgets_values":[1280,768,1]},{"id":"A07","type":"LoadImage","pos":[100,594],"size":[274,314],"flags":{},"order":2,"mode":0,"inputs":[{"localized_name":"image","name":"image","type":"COMBO","widget":{"name":"image"},"link":null},{"localized_name":"choose file to upload","name":"upload","type":"IMAGEUPLOAD","widget":{"name":"upload"},"link":null}],"outputs":[{"localized_name":"IMAGE","name":"IMAGE","type":"IMAGE","links":[34]},{"localized_name":"MASK","name":"MASK","type":"MASK","links":null}],"properties":{"cnr_id":"comfy-core","ver":"0.3.60","Node name for S&R":"LoadImage"},"widgets_values":["ai_image_1760630909410.png","image"]},{"id":"A08","type":"ControlNetLoader","pos":[100,826],"size":[270,58],"flags":{},"order":3,"mode":0,"inputs":[{"localized_name":"control_net_name","name":"control_net_name","type":"COMBO","widget":{"name":"control_net_name"},"link":null}],"outputs":[{"localized_name":"CONTROL_NET","name":"CONTROL_NET","type":"CONTROL_NET","links":[31]}],"properties":{"cnr_id":"comfy-core","ver":"0.3.60","Node name for S&R":"ControlNetLoader"},"widgets_values":["sd3.5_large_controlnet_canny.safetensors"]},{"id":"A09","type":"Canny","pos":[974,286],"size":[270,82],"flags":{},"order":7,"mode":0,"inputs":[{"localized_name":"image","name":"image","type":"IMAGE","link":26},{"localized_name":"low_threshold","name":"low_threshold","type":"FLOAT","widget":{"name":"low_threshold"},"link":null},{"localized_name":"high_threshold","name":"high_threshold","type":"FLOAT","widget":{"name":"high_threshold"},"link":null}],"outputs":[{"localized_name":"IMAGE","name":"IMAGE","type":"IMAGE","links":[27,32]}],"properties":{"cnr_id":"comfy-core","ver":"0.3.60","Node name for S&R":"Canny"},"widgets_values":[0.4000000000000001,0.8000000000000002]},{"id":"A10","type":"PreviewImage","pos":[1344,130],"size":[140,26],"flags":{},"order":9,"mode":0,"inputs":[{"localized_name":"images","name":"images","type":"IMAGE","link":27}],"outputs":[],"properties":{"cnr_id":"comfy-core","ver":"0.3.60","Node name for S&R":"PreviewImage"}},{"id":"A11","type":"ConditioningZeroOut","pos":[974,130],"size":[197.66665649414062,26],"flags":{},"order":6,"mode":0,"inputs":[{"localized_name":"conditioning","name":"conditioning","type":"CONDITIONING","link":28}],"outputs":[{"localized_name":"CONDITIONING","name":"CONDITIONING","type":"CONDITIONING","links":[30]}],"properties":{"cnr_id":"comfy-core","ver":"0.3.60","Node name for S&R":"ConditioningZeroOut"}},{"id":"A12","type":"ControlNetApplyAdvanced","pos":[1344,286],"size":[270,186],"flags":{},"order":10,"mode":0,"inputs":[{"localized_name":"positive","name":"positive","type":"CONDITIONING","link":29},{"localized_name":"negative","name":"negative","type":"CONDITIONING","link":30},{"localized_name":"control_net","name":"control_net","type":"CONTROL_NET","link":31},{"localized_name":"image","name":"image","type":"IMAGE","link":32},{"localized_name":"vae","name":"vae","shape":7,"type":"VAE","link":33},{"localized_name":"strength","name":"strength","type":"FLOAT","widget":{"name":"strength"},"link":null},{"localized_name":"start_percent","name":"start_percent","type":"FLOAT","widget":{"name":"start_percent"},"link":null},{"localized_name":"end_percent","name":"end_percent","type":"FLOAT","widget":{"name":"end_percent"},"link":null}],"outputs":[{"localized_name":"positive","name":"positive","type":"CONDITIONING","links":[20]},{"localized_name":"negative","name":"negative","type":"CONDITIONING","links":[21]}],"properties":{"cnr_id":"comfy-core","ver":"0.3.60","Node name for S&R":"ControlNetApplyAdvanced"},"widgets_values":[0.7500000000000001,0,1]},{"id":"A13","type":"ImageScaleToTotalPixels","pos":[474,460],"size":[270,82],"flags":{},"order":5,"mode":0,"inputs":[{"localized_name":"image","name":"image","type":"IMAGE","link":34},{"localized_name":"upscale_method","name":"upscale_method","type":"COMBO","widget":{"name":"upscale_method"},"link":null},{"localized_name":"megapixels","name":"megapixels","type":"FLOAT","widget":{"name":"megapixels"},"link":null}],"outputs":[{"localized_name":"IMAGE","name":"IMAGE","type":"IMAGE","links":[26,35]}],"properties":{"cnr_id":"comfy-core","ver":"0.3.60","Node name for S&R":"ImageScaleToTotalPixels"},"widgets_values":["lanczos",1.0000000000000002]},{"id":"A14","type":"GetImageSize","pos":[974,498],"size":[140,66],"flags":{},"order":8,"mode":0,"inputs":[{"localized_name":"image","name":"image","type":"IMAGE","link":35}],"outputs":[{"localized_name":"width","name":"width","type":"INT","links":null},{"localized_name":"height","name":"height","type":"INT","links":null},{"localized_name":"batch_size","name":"batch_size","type":"INT","links":null}],"properties":{"cnr_id":"comfy-core","ver":"0.3.60","Node name for S&R":"GetImageSize"}},{"id":"A15","type":"PreviewImage","pos":[2324,130],"size":[140,26],"flags":{},"order":13,"mode":0,"inputs":[{"localized_name":"images","name":"images","type":"IMAGE","link":36}],"outputs":[],"title":"Preview Final Image","properties":{"cnr_id":"comfy-core","ver":"0.3.60","Node name for S&R":"PreviewImage"}}],"links":[[19,"A02",0,"A01",0,"MODEL"],[20,"A12",0,"A01",1,"CONDITIONING"],[21,"A12",1,"A01",2,"CONDITIONING"],[22,"A06",0,"A01",3,"LATENT"],[23,"A02",1,"A03",0,"CLIP"],[24,"A01",0,"A04",0,"LATENT"],[25,"A02",2,"A04",1,"VAE"],[26,"A13",0,"A09",0,"IMAGE"],[27,"A09",0,"A10",0,"IMAGE"],[28,"A03",0,"A11",0,"CONDITIONING"],[29,"A03",0,"A12",0,"CONDITIONING"],[30,"A11",0,"A12",1,"CONDITIONING"],[31,"A08",0,"A12",2,"CONTROL_NET"],[32,"A09",0,"A12",3,"IMAGE"],[33,"A02",2,"A12",4,"VAE"],[34,"A07",0,"A13",0,"IMAGE"],[35,"A13",0,"A14",0,"IMAGE"],[36,"A04",0,"A15",0,"IMAGE"]],"groups":[],"config":{},"extra":{"ds":{"scale":0.16350799082655815,"offset":[2474.202654392575,1535.52369236142]}},"version":0.4}