{"id":"00000000-0000-0000-0000-000000000000","revision":0,"last_node_id":0,"last_link_id":80,"nodes":[{"id":"B01","type":"FluxGuidance","pos":[974,130],"size":[270,58],"flags":{},"order":10,"mode":0,"inputs":[{"localized_name":"conditioning","name":"conditioning","type":"CONDITIONING","link":41},{"localized_name":"guidance","name":"guidance","type":"FLOAT","widget":{"name":"guidance"},"link":null}],"outputs":[{"localized_name":"CONDITIONING","name":"CONDITIONING","type":"CONDITIONING","links":[55]}],"properties":{"cnr_id":"comfy-core","ver":"0.3.60","Node name for S&R":"FluxGuidance"},"widgets_values":[30]},{"id":"B02","type":"CLIPTextEncode","pos":[474,130],"size":[400,200],"flags":{},"order":6,"mode":0,"inputs":[{"localized_name":"clip","name":"clip","type":"CLIP","link":42},{"localized_name":"text","name":"text","type":"STRING","widget":{"name":"text"},"link":null}],"outputs":[{"localized_name":"CONDITIONING","name":"CONDITIONING","type":"CONDITIONING","links":[41,49]}],"title":"CLIP Text Encode (Positive Prompt)","properties":{"cnr_id":"comfy-core","ver":"0.3.60","Node name for S&R":"CLIPTextEncode"},"widgets_values":["Professional photo of buildings. Mountains and trees in the background. Clouds in the sky. Award winning architecture. Small imperfections and dirt. White walls and black roof. Colorful flowers in front."]},{"id":"B03","type":"DualCLIPLoader","pos":[100,130],"size":[270,130],"flags":{},"order":0,"mode":0,"inputs":[{"localized_name":"clip_name1","name":"clip_name1","type":"COMBO","widget":{"name":"clip_name1"},"link":null},{"localized_name":"clip_name2","name":"clip_name2","type":"COMBO","widget":{"name":"clip_name2"},"link":null},{"localized_name":"type","name":"type","type":"COMBO","widget":{"name":"type"},"link":null},{"localized_name":"device","name":"device","shape":7,"type":"COMBO","widget":{"name":"device"},"link":null}],"outputs":[{"localized_name":"CLIP","name":"CLIP","type":"CLIP","links":[42,50]}],"properties":{"cnr_id":"comfy-core","ver":"0.3.60","Node name for S&R":"DualCLIPLoader"},"widgets_values":["clip_l.safetensors","t5xxl_fp8_e4m3fn.safetensors","flux","default"]},{"id":"B04","type":"VAELoader","pos":[100,390],"size":[270,58],"flags":{},"order":1,"mode":0,"inputs":[{"localized_name":"vae_name","name":"vae_name","type":"COMBO","widget":{"name":"vae_name"},"link":null}],"outputs":[{"localized_name":"VAE","name":"VAE","type":"VAE","links":[44,59]}],"properties":{"cnr_id":"comfy-core","ver":"0.3.60","Node name for S&R":"VAELoader"},"widgets_values":["ae.safetensors"]},{"id":"B05","type":"LoadImage","pos":[100,578],"size":[274,314],"flags":{},"order":2,"mode":0,"inputs":[{"localized_name":"image","name":"image","type":"COMBO","widget":{"name":"image"},"link":null},{"localized_name":"choose file to upload","name":"upload","type":"IMAGEUPLOAD","widget":{"name":"upload"},"link":null}],"outputs":[{"localized_name":"IMAGE","name":"IMAGE","type":"IMAGE","links":[69,78]},{"localized_name":"MASK","name":"MASK","type":"MASK","links":null}],"properties":{"cnr_id":"comfy-core","ver":"0.3.60","Node name for S&R":"LoadImage"},"widgets_values":["ai_image_1760630722489.png","image"]},{"id":"B06","type":"VAEDecode","pos":[5483.33349609375,130],"size":[140,46],"flags":{},"order":27,"mode":0,"inputs":[{"localized_name":"samples","name":"samples","type":"LATENT","link":43},{"localized_name":"vae","name":"vae","type":"VAE","link":44}],"outputs":[{"localized_name":"IMAGE","name":"IMAGE","type":"IMAGE","links":[80]}],"properties":{"cnr_id":"comfy-core","ver":"0.3.60","Node name for S&R":"VAEDecode"}},{"id":"B07","type":"KSamplerAdvanced","pos":[5078.66650390625,130],"size":[304.66668701171875,334],"flags":{},"order":26,"mode":0,"inputs":[{"localized_name":"model","name":"model","type":"MODEL","link":45},{"localized_name":"positive","name":"positive","type":"CONDITIONING","link":46},{"localized_name":"negative","name":"negative","type":"CONDITIONING","link":47},{"localized_name":"latent_image","name":"latent_image","type":"LATENT","link":48},{"localized_name":"add_noise","name":"add_noise","type":"COMBO","widget":{"name":"add_noise"},"link":null},{"localized_name":"noise_seed","name":"noise_seed","type":"INT","widget":{"name":"noise_seed"},"link":null},{"localized_name":"steps","name":"steps","type":"INT","widget":{"name":"steps"},"link":null},{"localized_name":"cfg","name":"cfg","type":"FLOAT","widget":{"name":"cfg"},"link":null},{"localized_name":"sampler_name","name":"sampler_name","type":"COMBO","widget":{"name":"sampler_name"},"link":null},{"localized_name":"scheduler","name":"scheduler","type":"COMBO","widget":{"name":"scheduler"},"link":null},{"localized_name":"start_at_step","name":"start_at_step","type":"INT","widget":{"name":"start_at_step"},"link":null},{"localized_name":"end_at_step","name":"end_at_step","type":"INT","widget":{"name":"end_at_step"},"link":null},{"localized_name":"return_with_leftover_noise","name":"return_with_leftover_noise","type":"COMBO","widget":{"name":"return_with_leftover_noise"},"link":null}],"outputs":[{"localized_name":"LATENT","name":"LATENT","type":"LATENT","links":[43]}],"properties":{"cnr_id":"comfy-core","ver":"0.3.60","Node name for S&R":"KSamplerAdvanced"},"widgets_values":["enable",5214070763456847,"randomize",24,1,"dpmpp_2m","sgm_uniform",16,24,"disable"]},{"id":"B08","type":"UNETLoader","pos":[100,810],"size":[270,82],"flags":{},"order":3,"mode":0,"inputs":[{"localized_name":"unet_name","name":"unet_name","type":"COMBO","widget":{"name":"unet_name"},"link":null},{"localized_name":"weight_dtype","name":"weight_dtype","type":"COMBO","widget":{"name":"weight_dtype"},"link":null}],"outputs":[{"localized_name":"MODEL","name":"MODEL","type":"MODEL","links":[45,51]}],"properties":{"cnr_id":"comfy-core","ver":"0.3.60","Node name for S&R":"UNETLoader"},"widgets_values":["flux1-dev-fp8-e4m3fn.safetensors","fp8_e4m3fn"]},{"id":"B09","type":"FluxGuidance","pos":[974,318],"size":[270,58],"flags":{},"order":11,"mode":0,"inputs":[{"localized_name":"conditioning","name":"conditioning","type":"CONDITIONING","link":49},{"localized_name":"guidance","name":"guidance","type":"FLOAT","widget":{"name":"guidance"},"link":null}],"outputs":[{"localized_name":"CONDITIONING","name":"CONDITIONING","type":"CONDITIONING","links":[46]}],"properties":{"cnr_id":"comfy-core","ver":"0.3.60","Node name for S&R":"FluxGuidance"},"widgets_values":[3.5]},{"id":"B10","type":"CLIPTextEncode","pos":[474,460],"size":[400,200],"flags":{},"order":7,"mode":0,"inputs":[{"localized_name":"clip","name":"clip","type":"CLIP","link":50},{"localized_name":"text","name":"text","type":"STRING","widget":{"name":"text"},"link":null}],"outputs":[{"localized_name":"CONDITIONING","name":"CONDITIONING","type":"CONDITIONING","links":[47,56]}],"title":"CLIP Text Encode (Negative Prompt)","properties":{"cnr_id":"comfy-core","ver":"0.3.60","Node name for S&R":"CLIPTextEncode"},"widgets_values":[""]},{"id":"B11","type":"KSamplerAdvanced","pos":[4674,130],"size":[304.66668701171875,334],"flags":{},"order":25,"mode":0,"inputs":[{"localized_name":"model","name":"model","type":"MODEL","link":51},{"localized_name":"positive","name":"positive","type":"CONDITIONING","link":52},{"localized_name":"negative","name":"negative","type":"CONDITIONING","link":53},{"localized_name":"latent_image","name":"latent_image","type":"LATENT","link":54},{"localized_name":"add_noise","name":"add_noise","type":"COMBO","widget":{"name":"add_noise"},"link":null},{"localized_name":"noise_seed","name":"noise_seed","type":"INT","widget":{"name":"noise_seed"},"link":null},{"localized_name":"steps","name":"steps","type":"INT","widget":{"name":"steps"},"link":null},{"localized_name":"cfg","name":"cfg","type":"FLOAT","widget":{"name":"cfg"},"link":null},{"localized_name":"sampler_name","name":"sampler_name","type":"COMBO","widget":{"name":"sampler_name"},"link":null},{"localized_name":"scheduler","name":"scheduler","type":"COMBO","widget":{"name":"scheduler"},"link":null},{"localized_name":"start_at_step","name":"start_at_step","type":"INT","widget":{"name":"start_at_step"},"link":null},{"localized_name":"end_at_step","name":"end_at_step","type":"INT","widget":{"name":"end_at_step"},"link":null},{"localized_name":"return_with_leftover_noise","name":"return_with_leftover_noise","type":"COMBO","widget":{"name":"return_with_leftover_noise"},"link":null}],"outputs":[{"localized_name":"LATENT","name":"LATENT","type":"LATENT","links":[48]}],"properties":{"cnr_id":"comfy-core","ver":"0.3.60","Node name for S&R":"KSamplerAdvanced"},"widgets_values":["enable",9123775579030022,"randomize",24,1,"dpmpp_2m","sgm_uniform",0,16,"disable"]},{"id":"B12","type":"ControlNetApplyAdvanced","pos":[3934,130],"size":[270,186],"flags":{},"order":22,"mode":0,"inputs":[{"localized_name":"positive","name":"positive","type":"CONDITIONING","link":55},{"localized_name":"negative","name":"negative","type":"CONDITIONING","link":56},{"localized_name":"control_net","name":"control_net","type":"CONTROL_NET","link":57},{"localized_name":"image","name":"image","type":"IMAGE","link":58},{"localized_name":"vae","name":"vae","shape":7,"type":"VAE","link":59},{"localized_name":"strength","name":"strength","type":"FLOAT","widget":{"name":"strength"},"link":null},{"localized_name":"start_percent","name":"start_percent","type":"FLOAT","widget":{"name":"start_percent"},"link":null},{"localized_name":"end_percent","name":"end_percent","type":"FLOAT","widget":{"name":"end_percent"},"link":null}],"outputs":[{"localized_name":"positive","name":"positive","type":"CONDITIONING","links":[52]},{"localized_name":"negative","name":"negative","type":"CONDITIONING","links":[53]}],"properties":{"cnr_id":"comfy-core","ver":"0.3.60","Node name for S&R":"ControlNetApplyAdvanced"},"widgets_values":[0.7200000000000002,0.010000000000000002,0.7850000000000001]},{"id":"B13","type":"EmptySD3LatentImage","pos":[4304,130],"size":[270,106],"flags":{},"order":24,"mode":0,"inputs":[{"localized_name":"width","name":"width","type":"INT","widget":{"name":"width"},"link":60},{"localized_name":"height","name":"height","type":"INT","widget":{"name":"height"},"link":61},{"localized_name":"batch_size","name":"batch_size","type":"INT","widget":{"name":"batch_size"},"link":null}],"outputs":[{"localized_name":"LATENT","name":"LATENT","type":"LATENT","links":[54]}],"properties":{"cnr_id":"comfy-core","ver":"0.3.60","Node name for S&R":"EmptySD3LatentImage"},"widgets_values":[1024,1024,1]},{"id":"B14","type":"SetUnionControlNetType","pos":[474,1002],"size":[270,58],"flags":{},"order":9,"mode":0,"inputs":[{"localized_name":"control_net","name":"control_net","type":"CONTROL_NET","link":62},{"localized_name":"type","name":"type","type":"COMBO","widget":{"name":"type"},"link":null}],"outputs":[{"localized_name":"CONTROL_NET","name":"CONTROL_NET","type":"CONTROL_NET","links":[57]}],"properties":{"cnr_id":"comfy-core","ver":"0.3.60","Node name for S&R":"SetUnionControlNetType"},"widgets_values":["auto"]},{"id":"B15","type":"easy imageSwitch","pos":[3564,130],"size":[270,78],"flags":{},"order":21,"mode":0,"inputs":[{"localized_name":"image_a","name":"image_a","type":"IMAGE","link":64},{"localized_name":"image_b","name":"image_b","type":"IMAGE","link":65},{"localized_name":"boolean","name":"boolean","type":"BOOLEAN","widget":{"name":"boolean"},"link":63}],"outputs":[{"localized_name":"IMAGE","name":"IMAGE","type":"IMAGE","links":[58,66]}],"properties":{"cnr_id":"comfyui-easy-use","ver":"1.3.3","Node name for S&R":"easy imageSwitch"},"widgets_values":[false]},{"id":"B16","type":"GetImageSize","pos":[3934,446],"size":[140,66],"flags":{},"order":23,"mode":0,"inputs":[{"localized_name":"image","name":"image","type":"IMAGE","link":66}],"outputs":[{"localized_name":"width","name":"width","type":"INT","links":[60]},{"localized_name":"height","name":"height","type":"INT","links":[61]},{"localized_name":"batch_size","name":"batch_size","type":"INT","links":null}],"properties":{"cnr_id":"comfy-core","ver":"0.3.60","Node name for S&R":"GetImageSize"}},{"id":"B17","type":"ControlNetLoader","pos":[100,1022],"size":[270,58],"flags":{},"order":4,"mode":0,"inputs":[{"localized_name":"control_net_name","name":"control_net_name","type":"COMBO","widget":{"name":"control_net_name"},"link":null}],"outputs":[{"localized_name":"CONTROL_NET","name":"CONTROL_NET","type":"CONTROL_NET","links":[62]}],"properties":{"cnr_id":"comfy-core","ver":"0.3.60","Node name for S&R":"ControlNetLoader"},"widgets_values":["flux-cn-pro-2_fp8.safetensors"]},{"id":"B18","type":"PrimitiveBoolean","pos":[100,1210],"size":[270,58],"flags":{},"order":5,"mode":0,"inputs":[{"localized_name":"value","name":"value","type":"BOOLEAN","widget":{"name":"value"},"link":null}],"outputs":[{"localized_name":"BOOLEAN","name":"BOOLEAN","type":"BOOLEAN","links":[63]}],"title":"Use Original","properties":{"cnr_id":"comfy-core","ver":"0.3.60","Node name for S&R":"PrimitiveBoolean"},"widgets_values":[false]},{"id":"B19","type":"ImageScale","pos":[2084,130],"size":[270,130],"flags":{},"order":17,"mode":0,"inputs":[{"localized_name":"image","name":"image","type":"IMAGE","link":69},{"localized_name":"upscale_method","name":"upscale_method","type":"COMBO","widget":{"name":"upscale_method"},"link":null},{"localized_name":"width","name":"width","type":"INT","widget":{"name":"width"},"link":67},{"localized_name":"height","name":"height","type":"INT","widget":{"name":"height"},"link":68},{"localized_name":"crop","name":"crop","type":"COMBO","widget":{"name":"crop"},"link":null}],"outputs":[{"localized_name":"IMAGE","name":"IMAGE","type":"IMAGE","links":[64,76,79]}],"properties":{"cnr_id":"comfy-core","ver":"0.3.60","Node name for S&R":"ImageScale"},"widgets_values":["bicubic",512,512,"center"]},{"id":"B20","type":"Canny","pos":[3194,130],"size":[270,82],"flags":{},"order":20,"mode":0,"inputs":[{"localized_name":"image","name":"image","type":"IMAGE","link":70},{"localized_name":"low_threshold","name":"low_threshold","type":"FLOAT","widget":{"name":"low_threshold"},"link":null},{"localized_name":"high_threshold","name":"high_threshold","type":"FLOAT","widget":{"name":"high_threshold"},"link":null}],"outputs":[{"localized_name":"IMAGE","name":"IMAGE","type":"IMAGE","links":[65]}],"title":"Canny Edge Detection","properties":{"cnr_id":"comfy-core","ver":"0.3.60","Node name for S&R":"Canny"},"widgets_values":[0.15000000000000002,0.25000000000000006]},{"id":"B21","type":"easy mathInt","pos":[1714,130],"size":[270,106],"flags":{},"order":15,"mode":0,"inputs":[{"localized_name":"a","name":"a","type":"INT","widget":{"name":"a"},"link":71},{"localized_name":"b","name":"b","type":"INT","widget":{"name":"b"},"link":null},{"localized_name":"operation","name":"operation","type":"COMBO","widget":{"name":"operation"},"link":null}],"outputs":[{"localized_name":"INT","name":"INT","type":"INT","links":[67]}],"title":"Math Int Width","properties":{"cnr_id":"comfyui-easy-use","ver":"1.3.3","Node name for S&R":"easy mathInt"},"widgets_values":[0,16,"multiply"]},{"id":"B22","type":"easy mathInt","pos":[1714,366],"size":[270,106],"flags":{},"order":16,"mode":0,"inputs":[{"localized_name":"a","name":"a","type":"INT","widget":{"name":"a"},"link":72},{"localized_name":"b","name":"b","type":"INT","widget":{"name":"b"},"link":null},{"localized_name":"operation","name":"operation","type":"COMBO","widget":{"name":"operation"},"link":null}],"outputs":[{"localized_name":"INT","name":"INT","type":"INT","links":[68]}],"title":"Math Int Height","properties":{"cnr_id":"comfyui-easy-use","ver":"1.3.3","Node name for S&R":"easy mathInt"},"widgets_values":[0,16,"multiply"]},{"id":"B24","type":"easy mathInt","pos":[1344,130],"size":[270,106],"flags":{},"order":13,"mode":0,"inputs":[{"localized_name":"a","name":"a","type":"INT","widget":{"name":"a"},"link":73},{"localized_name":"b","name":"b","type":"INT","widget":{"name":"b"},"link":null},{"localized_name":"operation","name":"operation","type":"COMBO","widget":{"name":"operation"},"link":null}],"outputs":[{"localized_name":"INT","name":"INT","type":"INT","links":[71]}],"title":"Math Div Width","properties":{"cnr_id":"comfyui-easy-use","ver":"1.3.3","Node name for S&R":"easy mathInt"},"widgets_values":[0,16,"divide"]},{"id":"B25","type":"easy mathInt","pos":[1344,366],"size":[270,106],"flags":{},"order":14,"mode":0,"inputs":[{"localized_name":"a","name":"a","type":"INT","widget":{"name":"a"},"link":74},{"localized_name":"b","name":"b","type":"INT","widget":{"name":"b"},"link":null},{"localized_name":"operation","name":"operation","type":"COMBO","widget":{"name":"operation"},"link":null}],"outputs":[{"localized_name":"INT","name":"INT","type":"INT","links":[72]}],"title":"Math Div Height","properties":{"cnr_id":"comfyui-easy-use","ver":"1.3.3","Node name for S&R":"easy mathInt"},"widgets_values":[0,16,"divide"]},{"id":"B26","type":"ImageBlend","pos":[2824,130],"size":[270,102],"flags":{},"order":19,"mode":0,"inputs":[{"localized_name":"image1","name":"image1","type":"IMAGE","link":75},{"localized_name":"image2","name":"image2","type":"IMAGE","link":76},{"localized_name":"blend_factor","name":"blend_factor","type":"FLOAT","widget":{"name":"blend_factor"},"link":null},{"localized_name":"blend_mode","name":"blend_mode","type":"COMBO","widget":{"name":"blend_mode"},"link":null}],"outputs":[{"localized_name":"IMAGE","name":"IMAGE","type":"IMAGE","links":[70]}],"properties":{"cnr_id":"comfy-core","ver":"0.3.60","Node name for S&R":"ImageBlend"},"widgets_values":[0.9500000000000002,"normal"]},{"id":"B27","type":"GetImageSize","pos":[974,506],"size":[140,66],"flags":{},"order":12,"mode":0,"inputs":[{"localized_name":"image","name":"image","type":"IMAGE","link":77}],"outputs":[{"localized_name":"width","name":"width","type":"INT","links":[73]},{"localized_name":"height","name":"height","type":"INT","links":[74]},{"localized_name":"batch_size","name":"batch_size","type":"INT","links":null}],"title":"Get Base Image Size","properties":{"cnr_id":"comfy-core","ver":"0.3.60","Node name for S&R":"GetImageSize"}},{"id":"B29","type":"ImageScaleToTotalPixels","pos":[474,790],"size":[270,82],"flags":{},"order":8,"mode":0,"inputs":[{"localized_name":"image","name":"image","type":"IMAGE","link":78},{"localized_name":"upscale_method","name":"upscale_method","type":"COMBO","widget":{"name":"upscale_method"},"link":null},{"localized_name":"megapixels","name":"megapixels","type":"FLOAT","widget":{"name":"megapixels"},"link":null}],"outputs":[{"localized_name":"IMAGE","name":"IMAGE","type":"IMAGE","links":[77]}],"properties":{"cnr_id":"comfy-core","ver":"0.3.60","Node name for S&R":"ImageScaleToTotalPixels"},"widgets_values":["lanczos",1.0000000000000002]},{"id":"B30","type":"ImageAddNoise","pos":[2454,130],"size":[270,106],"flags":{},"order":18,"mode":0,"inputs":[{"localized_name":"image","name":"image","type":"IMAGE","link":79},{"localized_name":"seed","name":"seed","type":"INT","widget":{"name":"seed"},"link":null},{"localized_name":"strength","name":"strength","type":"FLOAT","widget":{"name":"strength"},"link":null}],"outputs":[{"localized_name":"IMAGE","name":"IMAGE","type":"IMAGE","links":[75]}],"title":"Add Noise to Image","properties":{"cnr_id":"comfy-core","ver":"0.3.60","Node name for S&R":"ImageAddNoise"},"widgets_values":[1,"randomize",1]},{"id":"B31","type":"PreviewImage","pos":[5723.33349609375,130],"size":[140,26],"flags":{},"order":28,"mode":0,"inputs":[{"localized_name":"images","name":"images","type":"IMAGE","link":80}],"outputs":[],"title":"Preview Result","properties":{"cnr_id":"comfy-core","ver":"0.3.60","Node name for S&R":"PreviewImage"}}],"links":[[41,"B02",0,"B01",0,"CONDITIONING"],[42,"B03",0,"B02",0,"CLIP"],[43,"B07",0,"B06",0,"LATENT"],[44,"B04",0,"B06",1,"VAE"],[45,"B08",0,"B07",0,"MODEL"],[46,"B09",0,"B07",1,"CONDITIONING"],[47,"B10",0,"B07",2,"CONDITIONING"],[48,"B11",0,"B07",3,"LATENT"],[49,"B02",0,"B09",0,"CONDITIONING"],[50,"B03",0,"B10",0,"CLIP"],[51,"B08",0,"B11",0,"MODEL"],[52,"B12",0,"B11",1,"CONDITIONING"],[53,"B12",1,"B11",2,"CONDITIONING"],[54,"B13",0,"B11",3,"LATENT"],[55,"B01",0,"B12",0,"CONDITIONING"],[56,"B10",0,"B12",1,"CONDITIONING"],[57,"B14",0,"B12",2,"CONTROL_NET"],[58,"B15",0,"B12",3,"IMAGE"],[59,"B04",0,"B12",4,"VAE"],[60,"B16",0,"B13",0,"INT"],[61,"B16",1,"B13",1,"INT"],[62,"B17",0,"B14",0,"CONTROL_NET"],[63,"B18",0,"B15",2,"BOOLEAN"],[64,"B19",0,"B15",0,"IMAGE"],[65,"B20",0,"B15",1,"IMAGE"],[66,"B15",0,"B16",0,"IMAGE"],[67,"B21",0,"B19",2,"INT"],[68,"B22",0,"B19",3,"INT"],[69,"B05",0,"B19",0,"IMAGE"],[70,"B26",0,"B20",0,"IMAGE"],[71,"B24",0,"B21",0,"INT"],[72,"B25",0,"B22",0,"INT"],[73,"B27",0,"B24",0,"INT"],[74,"B27",1,"B25",0,"INT"],[75,"B30",0,"B26",0,"IMAGE"],[76,"B19",0,"B26",1,"IMAGE"],[77,"B29",0,"B27",0,"IMAGE"],[78,"B05",0,"B29",0,"IMAGE"],[79,"B19",0,"B30",0,"IMAGE"],[80,"B06",0,"B31",0,"IMAGE"]],"groups":[],"config":{},"extra":{"ds":{"scale":0.2393920493691638,"offset":[337.5268067698464,1151.000813499858]}},"version":0.4}