﻿<?xml version="1.0" encoding="utf-8"?>
<ApplicationPackage SchemaVersion="1.0" AutodeskProduct="3ds Max" Name="AvizStudioTools" Description="Aviz Studio Tools - All In One." AppVersion="1.02" FriendlyVersion="1.02" ProductType="Application" HelpFile="./Contents/Help/Help.html" SupportedLocales="Enu" AppNameSpace="appstore.exchange.autodesk.com" OnlineDocumentation="http://www.avizstudio.com/tools/" Author="Aviz Studio Ltd." ProductCode="{A4A18C05-6B7E-406C-B1D6-2464DC19B027}" UpgradeCode="{ECA55AF8-CA96-46B8-8632-14C3882CE700}" Icon="./Contents/Appicon.ico">
  <CompanyDetails Name="Aviz Studio Ltd." Url="http://www.avizstudio.com/tools/" Email="http://www.avizstudio.com/contact/" Phone=" " />
  <RuntimeRequirements OS="Win64" Platform="3ds Max|3ds Max Design" SeriesMin="2018" SeriesMax="2024" />
  <Components Description="macroscripts parts">
    <RuntimeRequirements OS="Win64" Platform="3ds Max" SeriesMin="2018" SeriesMax="2024" />
    <ComponentEntry AppName="AvizStudioTools" Version="1.02" ModuleName="./Contents/scripts/macroscripts/AvizStudioTools_Setup.mcr" AppDescription="AvizStudioTools" />
  </Components>
  <Components Description="Post-Start-Up Scripts parts">
    <RuntimeRequirements OS="Win64" Platform="3ds Max" SeriesMin="2018" SeriesMax="2024" />
    <ComponentEntry AppName="AvizStudioTools" Version="1.02" ModuleName="./Contents/scripts/post_startup/AvizStudioTools_Startup.mse" AppDescription="AvizStudioTools" />
    <ComponentEntry AppName="AvizStudioTools" Version="1.02" ModuleName="./Contents/scripts/post_startup/AvizStudioTools_Menu.ms" AppDescription="AvizStudioTools" />
  </Components>
</ApplicationPackage>