﻿<?xml version="1.0" encoding="utf-8"?>
<ApplicationPackage SchemaVersion="1.0" AutodeskProduct="3ds Max" Name="AvizStudioTools" Description="Aviz Studio Tools - All In One." AppVersion="1.4.0" FriendlyVersion="1.4.0" ProductType="Application" HelpFile="./Contents/Help/Help.html" SupportedLocales="Enu" AppNameSpace="appstore.exchange.autodesk.com" OnlineDocumentation="http://www.avizstudio.com/tools/" Author="Aviz Studio Ltd." ProductCode="{8777351A-320D-44E5-A7D1-640B7125219E}" UpgradeCode="{ECA55AF8-CA96-46B8-8632-14C3882CE700}" Icon="./Contents/Appicon.ico">
  <CompanyDetails Name="Aviz Studio Ltd." Url="http://www.avizstudio.com/tools/" Email="http://www.avizstudio.com/contact/" Phone=" " />
  <RuntimeRequirements OS="Win64" Platform="3ds Max|3ds Max Design" SeriesMin="2018" SeriesMax="2025" />
  <Components Description="macroscripts parts">
    <RuntimeRequirements OS="Win64" Platform="3ds Max" SeriesMin="2018" SeriesMax="2025" />
    <ComponentEntry AppName="AvizStudioTools" Version="1.4.0" ModuleName="./Contents/scripts/macroscripts/AvizStudioTools_Setup.mcr" AppDescription="AvizStudioTools" />
  </Components>
  <Components Description="Post-Start-Up Scripts parts">
    <RuntimeRequirements OS="Win64" Platform="3ds Max" SeriesMin="2018" SeriesMax="2024" />
    <ComponentEntry AppName="AvizStudioTools" Version="1.4.0" ModuleName="./Contents/scripts/post_startup/AvizStudioTools_Startup.mse" AppDescription="AvizStudioTools" />
    <ComponentEntry AppName="AvizStudioTools" Version="1.4.0" ModuleName="./Contents/scripts/post_startup/AvizStudioTools_Menu.ms" AppDescription="AvizStudioTools" />
  </Components>
  <Components Description="Pre-Start-Up Scripts parts">
    <RuntimeRequirements OS="Win64" Platform="3ds Max" SeriesMin="2025" SeriesMax="2025" />
    <ComponentEntry AppName="AvizStudioTools" Version="1.4.0" ModuleName="./Contents/scripts/pre_startup/AvizStudioTools_cuiMenu.ms" AppDescription="AvizStudioTools" />
  </Components>
  <Components Description="Post-Start-Up Scripts parts">
    <RuntimeRequirements OS="Win64" Platform="3ds Max" SeriesMin="2025" SeriesMax="2025" />
    <ComponentEntry AppName="AvizStudioTools" Version="1.4.0" ModuleName="./Contents/scripts/post_startup/AvizStudioTools_Startup.mse" AppDescription="AvizStudioTools" />
  </Components>
</ApplicationPackage>